"","Prof","Education","WorkHour","SelfEmp"
"Education_vv_2",0.135467180753709,0,0,0
"Education_vv_3",0.504774498003473,0,0,0
"WorkHour_vv_2",0.00302100793513455,0,0,0
"WorkHour_vv_3",0.106980022554918,0,0,0
"WorkHour_vv_4",0.28577684609011,0,0,0
"SelfEmp_vv_1",0.271992218041826,0,0,0
"Education",1,0,0,0
"WorkHour",1,0,0,0
"SelfEmp",1,0,0,0
