"","Prof","Education","WorkHour","SelfEmp"
"Education_vv_2",0.139013403846619,0,0,0
"Education_vv_3",0.508948417170558,0,0,0
"WorkHour_vv_2",-0.0197435242620066,0,0,0
"WorkHour_vv_3",0.0935797316432872,0,0,0
"WorkHour_vv_4",0.274231401486441,0,0,0
"SelfEmp_vv_1",0.263360130844152,0,0,0
"Education",1,0,0,0
"WorkHour",1,0,0,0
"SelfEmp",1,0,0,0
