"","Prof","Education","WorkHour","SelfEmp"
"Education_vv_2",0.133021457641273,0,0,0
"Education_vv_3",0.506115848939837,0,0,0
"WorkHour_vv_2",0.00828184824914346,0,0,0
"WorkHour_vv_3",0.107198962174285,0,0,0
"WorkHour_vv_4",0.289139695930612,0,0,0
"SelfEmp_vv_1",0.263962906743038,0,0,0
"Education",1,0,0,0
"WorkHour",1,0,0,0
"SelfEmp",1,0,0,0
