"","Prof","Education","WorkHour","SelfEmp"
"Education_vv_2",0.127516853995488,0,0,0
"Education_vv_3",0.500459597443007,0,0,0
"WorkHour_vv_2",-0.00985667079571551,0,0,0
"WorkHour_vv_3",0.110844517301933,0,0,0
"WorkHour_vv_4",0.297551830149289,0,0,0
"SelfEmp_vv_1",0.270315717842733,0,0,0
"Education",1,0,0,0
"WorkHour",1,0,0,0
"SelfEmp",1,0,0,0
