Dataset,CT,TOT,TST,FT,CF,XL,DRL,PIR
ACI,20.666794182078696,20.04922697854818,20.897108937873973,20.78606867535661,11.042510689506143,13.61347017675558,14.51334087900089,21.987033259400853
TO,1.129790162601626,1.129790162601626,1.129790162601626,1.129790162601626,1.534786504065041,5.898516585365852,6.859710243902437,13.692321463414634
HR,51.10189662624379,41.50293821517411,51.10189662624379,26.66108899253731,61.45466531405475,67.0265031716418,37.244122108208956,76.27547098880606
