"","Prof","Education","WorkHour","SelfEmp"
"Education_vv_2",0.137164321658657,0,0,0
"Education_vv_3",0.502557326307522,0,0,0
"WorkHour_vv_2",0.00505510231273532,0,0,0
"WorkHour_vv_3",0.114473965560294,0,0,0
"WorkHour_vv_4",0.292215292173241,0,0,0
"SelfEmp_vv_1",0.275872897808988,0,0,0
"Education",1,0,0,0
"WorkHour",1,0,0,0
"SelfEmp",1,0,0,0
