Dataset,CT,TOT,TST,FT,CF,XL,DRL,PIR
ACI,20.666794182078696,20.04922697854818,20.897108937873973,20.78606867535661,11.057999467685795,13.597633255988553,16.958721968197615,22.053075992402036
TO,1.129790162601626,1.129790162601626,1.129790162601626,1.129790162601626,1.534786504065041,5.254619512195121,9.867760487804876,13.692321463414634
HR,51.10189662624379,41.50293821517411,51.10189662624379,26.66108899253731,62.2625173041045,67.11818302238805,40.62025391791042,76.27547098880606
