Dataset,CT,TOT,TST,FT,CF,XL,DRL,PIR
ACI,1.0,1.0,1.0,0.7999999999999999,-1.0,-1.0,1.0,0.7999999999999999
TO,0.39999999999999997,0.39999999999999997,0.39999999999999997,0.39999999999999997,-0.7999999999999999,1.0,0.7999999999999999,1.0
HR,-0.7999999999999999,-0.7999999999999999,-0.7999999999999999,-0.7999999999999999,-1.0,-0.19999999999999998,-1.0,0.7999999999999999
,0.19999999999999998,0.19999999999999998,0.19999999999999998,0.13333333333333333,-0.9333333333333332,-0.06666666666666667,0.2666666666666666,0.8666666666666666
